id,name,email,mobile,age
1,Meredithe Keelinge,mkeelinge0@uiuc.edu,915-414-5830,58
2,Erina Ledward,eledward1@soup.io,428-956-4613,30
3,Trix Du Hamel,tdu2@taobao.com,972-587-0642,20
4,Caz Randall,crandall3@free.fr,154-910-4897,2
5,Lynnett Redmain,lredmain4@blogtalkradio.com,540-896-9710,13
6,Neda Kilgrew,nkilgrew5@cmu.edu,892-274-2077,78
7,Bruce Holyard,bholyard6@nih.gov,251-129-0790,65
8,Eva Waterstone,ewaterstone7@tripadvisor.com,982-819-2931,25
9,Petey Shoesmith,pshoesmith8@businessinsider.com,405-592-4955,13
10,Con Hourican,chourican9@statcounter.com,880-303-2622,18
11,Benedicta Emsden,bemsdena@dot.gov,515-278-9245,17
12,Chauncey Herity,cherityb@rediff.com,194-889-9248,60
13,Efren Matignon,ematignonc@senate.gov,672-331-4455,18
14,Gabriellia Murrey,gmurreyd@phpbb.com,683-132-2946,66
15,Katharine Bishop,kbishope@merriam-webster.com,579-885-8586,30
16,Gaston Stoakes,gstoakesf@foxnews.com,466-979-9232,37
17,Thomasin Idiens,tidiensg@elpais.com,996-600-0276,53
18,Ambrose Paladino,apaladinoh@histats.com,452-971-7664,19
19,Rozalie Semper,rsemperi@pinterest.com,853-358-4615,15
20,Twila Bernette,tbernettej@livejournal.com,982-965-9392,79
21,Antony Gambrell,agambrellk@usda.gov,255-493-7156,54
22,Francine Ife,fifel@springer.com,755-717-8218,38
23,Waylon Sibray,wsibraym@mozilla.com,894-769-2319,6
24,Perla Vain,pvainn@flavors.me,562-671-2855,14
25,Suzanne Smee,ssmeeo@ning.com,676-870-6523,73
26,Jeannine Blaise,jblaisep@deviantart.com,265-719-2235,98
27,Roxy Mollin,rmollinq@livejournal.com,344-824-4254,84
28,Sheffy Fer,sferr@xinhuanet.com,259-170-5537,70
29,Terry Punton,tpuntons@mapy.cz,373-133-4754,83
30,Dallis Huttley,dhuttleyt@gizmodo.com,509-167-1695,38
31,Abie Lathbury,alathburyu@hugedomains.com,785-600-5408,56
32,Denney Hillhouse,dhillhousev@gravatar.com,956-176-2399,82
33,Humfrid Sawdon,hsawdonw@noaa.gov,121-580-5533,7
34,Lars Gerhardt,lgerhardtx@multiply.com,984-473-2422,83
35,Crissy Zisneros,czisnerosy@earthlink.net,998-447-1419,99
36,Jonah Layman,jlaymanz@ameblo.jp,738-877-2690,75
37,Deeanne Fulkes,dfulkes10@blogtalkradio.com,435-772-3574,68
38,Humfrey Garratt,hgarratt11@simplemachines.org,267-494-8093,64
39,Arleta Ziemen,aziemen12@dyndns.org,526-352-1257,56
40,Blake Varran,bvarran13@bluehost.com,417-811-1575,83
41,Meryl Eustes,meustes14@google.ru,127-269-1338,6
42,Saba Haylor,shaylor15@yahoo.com,301-828-8936,60
43,Hobart Patis,hpatis16@dedecms.com,635-325-5694,7
44,Ralph Duckerin,rduckerin17@yandex.ru,339-214-7865,29
45,Hall O'Daly,hodaly18@google.nl,999-666-5851,50
46,Major Sotheby,msotheby19@infoseek.co.jp,344-694-0143,54
47,Graig Pietesch,gpietesch1a@last.fm,629-806-9816,15
48,Maridel Pragnell,mpragnell1b@goo.ne.jp,528-389-1604,83
49,Wenda Pancoust,wpancoust1c@hexun.com,348-991-8663,31
50,Haily Firman,hfirman1d@usgs.gov,-777-7643,4
51,Linus Kerss,lkerss1e@narod.ru,510-743-4382,98
52,Lyndy Hamments,lhamments1f@aboutads.info,679-621-1184,15
53,Mendy Witcher,mwitcher1g@youtu.be,409-200-7423,94
54,Danyelle Fortune,dfortune1h@state.gov,323-941-0591,10
55,Brandea Chapple,bchapple1i@jugem.jp,629-670-4448,12
56,Lambert Ciric,lciric1j@squarespace.com,275-782-9325,69
57,Kristan Mugglestone,kmugglestone1k@home.pl,181-529-1431,63
58,Neilla Paulat,npaulat1l@wikispaces.com,464-625-1971,7
59,Aloysia Cohen,acohen1m@cbslocal.com,581-262-4808,9
60,Evelina Farnworth,efarnworth1n@meetup.com,210-787-6645,57
61,Barty Garvin,bgarvin1o@123-reg.co.uk,139-302-4730,11
62,Padraic Hullbrook,phullbrook1p@webnode.com,470-899-5951,93
63,Ewan Rennebach,erennebach1q@cbslocal.com,768-848-7923,60
64,Olympia Stanyard,ostanyard1r@vk.com,785-830-8138,22
65,Beth Fairn,bfairn1s@washingtonpost.com,282-539-0772,5
66,Dyanne Huxton,dhuxton1t@flickr.com,225-226-1690,25
67,Faye Caslin,fcaslin1u@elpais.com,949-208-9008,96
68,Malissa Delafoy,mdelafoy1v@latimes.com,888-726-4588,20
69,Torrie Doers,tdoers1w@theglobeandmail.com,988-372-9565,82
70,Karlene Demkowicz,kdemkowicz1x@nps.gov,595-933-6475,10
71,Audi Bielefeld,abielefeld1y@comsenz.com,367-636-7561,45
72,Cletus Elsay,celsay1z@twitter.com,225-495-8845,59
73,Randi Longstaff,rlongstaff20@yellowbook.com,623-848-7205,77
74,Justus Bourner,jbourner21@army.mil,906-956-4051,25
75,Ossie Harcus,oharcus22@zimbio.com,375-828-4161,62
76,Corny Perroni,cperroni23@nih.gov,108-969-5409,27
77,Charlotte Patrone,cpatrone24@spiegel.de,540-478-0443,97
78,Sheridan Leverton,sleverton25@lycos.com,684-127-5073,90
79,Sanderson Rossetti,srossetti26@newsvine.com,287-620-2838,79
80,Mose Bernier,mbernier27@friendfeed.com,722-903-2622,73
81,Genevra Hugonet,ghugonet28@fema.gov,743-808-1515,75
82,Weston Kiessel,wkiessel29@phoca.cz,313-197-0938,35
83,Nickey Bicksteth,nbicksteth2a@creativecommons.org,192-185-3175,20
84,Alena Segrave,asegrave2b@prweb.com,289-329-7561,47
85,Harley Ellins,hellins2c@bizjournals.com,778-956-7891,39
86,Flori Rens,frens2d@marriott.com,322-603-9066,7
87,De witt Frankland,dwitt2e@icio.us,490-785-4184,21
88,Arda Tribe,atribe2f@123-reg.co.uk,951-827-3300,61
89,Frazier Denson,fdenson2g@state.gov,517-453-9890,77
90,Ag Zaniolo,azaniolo2h@marketwatch.com,475-427-8929,3
91,Martainn Bellringer,mbellringer2i@globo.com,447-779-8225,28
92,Wenda Dublin,wdublin2j@reverbnation.com,346-138-2503,93
93,Anthe Althorpe,aalthorpe2k@ycombinator.com,208-884-7704,79
94,Quent Meron,qmeron2l@domainmarket.com,706-732-3385,1
95,Kim Simonnin,ksimonnin2m@guardian.co.uk,384-309-9970,64
96,Karel Dullaghan,kdullaghan2n@is.gd,765-271-7186,98
97,Giraud Wychard,gwychard2o@360.cn,922-847-1701,62
98,Mauricio Oselton,moselton2p@amazonaws.com,372-823-4528,72
99,Dell Loveguard,dloveguard2q@umn.edu,276-247-0914,24
100,Suellen O' Dooley,so2r@dmoz.org,879-549-9054,98
101,Jenny Pounsett,jpounsett2s@posterous.com,732-729-4325,82
102,Aprilette Ygou,aygou2t@clickbank.net,871-633-3516,93
103,Rivy Saffrin,rsaffrin2u@stanford.edu,557-798-7665,32
104,Brooke Scading,bscading2v@army.mil,501-226-7674,32
105,Chrystel Peak,cpeak2w@google.com.br,335-223-6336,68
106,Tanitansy Clendening,tclendening2x@theguardian.com,235-837-4131,50
107,Uriel Ledward,uledward2y@noaa.gov,909-856-5984,37
108,Davine Gally,dgally2z@vk.com,473-876-9688,31
109,Harmonia Daveridge,hdaveridge30@1688.com,576-643-9959,84
110,Milka Clendennen,mclendennen31@drupal.org,892-669-1482,43
111,Gert Stelfox,gstelfox32@yellowpages.com,183-346-5128,4
112,Bernie Howis,bhowis33@drupal.org,445-421-2668,76
113,Dion Oppery,doppery34@nbcnews.com,462-715-1533,85
114,Jilli Mainwaring,jmainwaring35@thetimes.co.uk,981-288-4806,47
115,Darnell Hursthouse,dhursthouse36@theguardian.com,655-811-6839,41
116,Bunni Abramow,babramow37@yelp.com,973-755-1139,77
117,Marcille Hrycek,mhrycek38@businessinsider.com,230-494-9141,58
118,Marleah Arnason,marnason39@loc.gov,207-117-4130,65
119,June Levey,jlevey3a@goo.ne.jp,552-959-8827,24
120,Claus Bubbins,cbubbins3b@1688.com,255-879-9532,33
121,Stevy Dobbing,sdobbing3c@gnu.org,787-738-3291,87
122,Patricia Fydo,pfydo3d@nbcnews.com,672-311-0669,24
123,Constantina Colleton,ccolleton3e@yolasite.com,522-325-0312,26
124,Sibelle Malinson,smalinson3f@photobucket.com,338-624-0475,60
125,Miran Rolance,mrolance3g@dion.ne.jp,338-942-4781,1
126,Jackie Capron,jcapron3h@infoseek.co.jp,803-775-3048,97
127,Halsy Pozzo,hpozzo3i@soundcloud.com,909-832-6633,31
128,Leona Karolovsky,lkarolovsky3j@discovery.com,884-844-0443,78
129,Magdalene Wolfit,mwolfit3k@e-recht24.de,838-918-8733,45
130,Guthrie Livesley,glivesley3l@hc360.com,255-327-9232,97
131,Casie Dumsday,cdumsday3m@imageshack.us,631-811-9745,44
132,Shelia Ruse,sruse3n@w3.org,173-467-9953,6
133,Arlie Newton,anewton3o@yellowpages.com,791-761-4731,50
134,Lonnie Kivlin,lkivlin3p@pcworld.com,236-651-9768,57
135,Gare Brick,gbrick3q@amazonaws.com,764-272-6864,35
136,Wanda Flockhart,wflockhart3r@alibaba.com,368-716-4567,81
137,Adey Farey,afarey3s@ehow.com,755-681-7963,3
138,Eric Cundict,ecundict3t@wsj.com,295-636-4257,46
139,Dermot Wethered,dwethered3u@hugedomains.com,460-884-3275,22
140,Locke Antosik,lantosik3v@hp.com,233-287-1822,85
141,Reamonn Liptrot,rliptrot3w@about.me,369-741-1574,60
142,Alonso Killough,akillough3x@blinklist.com,703-752-7165,11
143,Hildegarde Doore,hdoore3y@nba.com,341-326-0752,59
144,Letizia Beininck,lbeininck3z@histats.com,865-693-8018,87
145,Mimi Bartleman,mbartleman40@gmpg.org,344-746-2498,56
146,Otto Trewin,otrewin41@archive.org,791-412-0290,82
147,Eduino Trusler,etrusler42@dmoz.org,869-854-6840,80
148,Susan McKinnon,smckinnon43@about.me,374-862-0195,85
