 0 
eu@vehiculaet.net 1 
Ut.nec@Aenean.co.uk 1 
ipsum@rhoncus.co.uk 1 
lobortis.Class@antebibendumullamcorper.org 1 
blandit.congue.In@eratSed.org 1 
arcu@senectus.edu 1 
urna.nec.luctus@Integervulputate.caurna.nec.luctus@Integervulputate.ca 2 
id@tempusscelerisquelorem.ca 1 
Pellentesque.habitant@vestibulumneque.ca 1 
dictum.eu.eleifend@nasceturridiculus.co.uk 1 
Quisque.fringilla.euismod@ornarelectus.orgQuisque.fringilla.euismod@ornarelectus.org 2 
Vivamus.euismod.urna@ametdapibusid.orgVivamus.euismod.urna@ametdapibusid.org 2 
auctor.odio@Phasellus.com 1 
ullamcorper@duiaugueeu.orgullamcorper@duiaugueeu.org 2 
egestas@sitamet.caegestas@sitamet.ca 2 
aliquam.eu.accumsan@Nam.comaliquam.eu.accumsan@Nam.com 2 
massa@enimCurabitur.com 1 
ornare.In.faucibus@sitamet.com 1 
amet.ornare@Duis.co.ukamet.ornare@Duis.co.uk 2 
Vestibulum.ut@Vivamusmolestie.com 1 
nunc.est.mollis@quamdignissimpharetra.comnunc.est.mollis@quamdignissimpharetra.comnunc.est.mollis@quamdignissimpharetra.com 3 
sit.amet.orci@idsapien.casit.amet.orci@idsapien.ca 2 
et.nunc@etmagnaPraesent.edu 1 
nec@auctor.edu 1 
fringilla.Donec@semmollisdui.edufringilla.Donec@semmollisdui.edu 2 
tellus.imperdiet.non@orciconsectetuer.com 1 
Aliquam.nisl@Donecsollicitudinadipiscing.co.ukAliquam.nisl@Donecsollicitudinadipiscing.co.uk 2 
mus.Donec@molestieSed.commus.Donec@molestieSed.com 2 
Nunc.quis@rutrumnon.net 1 
Donec@ultricies.edu 1 
vulputate@enimMauris.netvulputate@enimMauris.net 2 
a.arcu.Sed@auctor.com 1 
Nullam@atlacusQuisque.ca 1 
Etiam@Donecdignissim.ca 1 
rhoncus.Nullam@Namconsequatdolor.com 1 
metus.Aenean.sed@ipsumSuspendisse.com 1 
Sed.et@Maurisvestibulumneque.net 1 
arcu.Curabitur.ut@ametconsectetuer.org 1 
gravida@lectusjusto.netgravida@lectusjusto.netgravida@lectusjusto.netgravida@lectusjusto.net 4 
bibendum@mi.orgbibendum@mi.org 2 
nunc.id@velit.com 1 
dis.parturient@leoCras.co.uk 1 
nunc@feugiat.comnunc@feugiat.com 2 
nunc.nulla.vulputate@sitametrisus.netnunc.nulla.vulputate@sitametrisus.netnunc.nulla.vulputate@sitametrisus.net 3 
mollis.vitae.posuere@urna.edumollis.vitae.posuere@urna.edumollis.vitae.posuere@urna.edu 3 
scelerisque.sed@massa.co.uk 1 
amet@liberoProin.org 1 
leo.Cras.vehicula@eteros.ca 1 
Sed.pharetra@anteNunc.eduSed.pharetra@anteNunc.edu 2 
dignissim@Nullam.edudignissim@Nullam.edu 2 
Nunc@enimSed.com 1 
Sed.nunc@sit.comSed.nunc@sit.com 2 
euismod@lacusUt.net 1 
iaculis@ipsumnuncid.netiaculis@ipsumnuncid.net 2 
Donec@odio.comDonec@odio.comDonec@odio.com 3 
In.at@luctusut.eduIn.at@luctusut.edu 2 
magna.et@utsem.edu 1 
in.magna@elitpharetra.comin.magna@elitpharetra.comin.magna@elitpharetra.com 3 
tristique@aliquetvel.edutristique@aliquetvel.edu 2 
euismod.est.arcu@Integer.ca 1 
in.magna@diam.orgin.magna@diam.org 2 
mauris@sollicitudinorci.com 1 
ut.odio.vel@consectetuereuismodest.com 1 
parturient.montes.nascetur@molestiein.caparturient.montes.nascetur@molestiein.ca 2 
mauris.a.nunc@magnaSed.net 1 
Duis.cursus.diam@gravidasagittisDuis.org 1 
Sed@acipsum.org 1 
nunc.sit.amet@urnasuscipit.netnunc.sit.amet@urnasuscipit.net 2 
id.libero@elitCurabitursed.netid.libero@elitCurabitursed.net 2 
mi@Crasvehicula.com 1 
Morbi@ametultriciessem.org 1 
mi@quis.ca 1 
ac.tellus@ligulaeuenim.com 1 
mi@sit.co.uk 1 
natoque.penatibus.et@iaculisenimsit.co.uknatoque.penatibus.et@iaculisenimsit.co.uk 2 
est.congue.a@diamatpretium.net 1 
nulla.at.sem@libero.co.uknulla.at.sem@libero.co.uk 2 
pharetra.Nam.ac@Integereulacus.edupharetra.Nam.ac@Integereulacus.edu 2 
Nunc@nislNullaeu.edu 1 
In.faucibus@leoinlobortis.net 1 
montes.nascetur@ultriciesadipiscing.orgmontes.nascetur@ultriciesadipiscing.org 2 
justo@necdiamDuis.edujusto@necdiamDuis.edu 2 
nunc.sit.amet@semperNam.org 1 
Suspendisse.tristique.neque@fringillapurus.net 1 
accumsan.neque@lobortisquam.com 1 
magnis.dis.parturient@MaurisnullaInteger.org 1 
malesuada.fringilla.est@dictum.edumalesuada.fringilla.est@dictum.edu 2 
a@mipede.net 1 
Cum@malesuada.ca 1 
aliquet.metus.urna@purusmauris.orgaliquet.metus.urna@purusmauris.orgaliquet.metus.urna@purusmauris.org 3 
nisl@Curabitursed.com 1 
non.massa@tincidunt.netnon.massa@tincidunt.net 2 
auctor@luctussitamet.edu 1 
ipsum.dolor@ligulatortordictum.edu 1 
sodales@nulla.co.uksodales@nulla.co.uk 2 
eget.ipsum@acorci.comeget.ipsum@acorci.com 2 
ac.mattis@Cras.net 1 
lorem@risusaultricies.com 1 
euismod.est@luctuset.co.ukeuismod.est@luctuset.co.ukeuismod.est@luctuset.co.uk 3 
augue.malesuada.malesuada@lobortis.org 1 
