id,Name,email,mobile,age
1,Meredithe Keelinge,mkeelinge0@uiuc.edu,915-414-5830,58
2,Erina Ledward,eledward1@soup.io,428-956-4613,30
3,Trix Du Hamel,tdu2@taobao.com,972-587-0642,20
5,Lynnett Redmain,lredmain4@blogtalkradio.com,540-896-9710,13
6,Neda Kilgrew,nkilgrew5@cmu.edu,892-274-2077,78
7,Bruce Holyard,bholyard6@nih.gov,251-129-0790,65
8,Eva Waterstone,ewaterstone7@tripadvisor.com,982-819-2931,25
9,Petey Shoesmith,pshoesmith8@businessinsider.com,405-592-4955,13
10,Con Hourican,chourican9@statcounter.com,880-303-2622,18
11,Benedicta Emsden,bemsdena@dot.gov,515-278-9245,17
12,Chauncey Herity,cherityb@rediff.com,194-889-9248,60
13,Efren Matignon,ematignonc@senate.gov,672-331-4455,18
14,Gabriellia Murrey,gmurreyd@phpbb.com,683-132-2946,66
15,Katharine Bishop,kbishope@merriam-webster.com,579-885-8586,30
16,Gaston Stoakes,gstoakesf@foxnews.com,466-979-9232,37
17,Thomasin Idiens,tidiensg@elpais.com,996-600-0276,53
18,Ambrose Paladino,apaladinoh@histats.com,452-971-7664,19
19,Rozalie Semper,rsemperi@pinterest.com,853-358-4615,15
20,Twila Bernette,tbernettej@livejournal.com,982-965-9392,79
21,Antony Gambrell,agambrellk@usda.gov,255-493-7156,54
22,Francine Ife,fifel@springer.com,755-717-8218,38
23,Waylon Sibray,wsibraym@mozilla.com,894-769-2319,6
24,Perla Vain,pvainn@flavors.me,562-671-2855,14
25,Suzanne Smee,ssmeeo@ning.com,676-870-6523,73
26,Jeannine Blaise,jblaisep@deviantart.com,265-719-2235,98
27,Roxy Mollin,rmollinq@livejournal.com,344-824-4254,84
28,Sheffy Fer,sferr@xinhuanet.com,259-170-5537,70
29,Terry Punton,tpuntons@mapy.cz,373-133-4754,83
30,Dallis Huttley,dhuttleyt@gizmodo.com,509-167-1695,38
31,Abie Lathbury,alathburyu@hugedomains.com,785-600-5408,56
32,Denney Hillhouse,dhillhousev@gravatar.com,956-176-2399,82
33,Humfrid Sawdon,hsawdonw@noaa.gov,121-580-5533,7
34,Lars Gerhardt,lgerhardtx@multiply.com,984-473-2422,83
35,Crissy Zisneros,czisnerosy@earthlink.net,998-447-1419,99
36,Jonah Layman,jlaymanz@ameblo.jp,738-877-2690,75
37,Deeanne Fulkes,dfulkes10@blogtalkradio.com,435-772-3574,68
38,Humfrey Garratt,hgarratt11@simplemachines.org,267-494-8093,64
39,Arleta Ziemen,aziemen12@dyndns.org,526-352-1257,56
40,Blake Varran,bvarran13@bluehost.com,417-811-1575,83
41,Meryl Eustes,meustes14@google.ru,127-269-1338,6
42,Saba Haylor,shaylor15@yahoo.com,301-828-8936,60
43,Hobart Patis,hpatis16@dedecms.com,635-325-5694,7
44,Ralph Duckerin,rduckerin17@yandex.ru,339-214-7865,29
45,Hall O'Daly,hodaly18@google.nl,999-666-5851,50
46,Major Sotheby,msotheby19@infoseek.co.jp,344-694-0143,54
47,Graig Pietesch,gpietesch1a@last.fm,629-806-9816,15
48,Maridel Pragnell,mpragnell1b@goo.ne.jp,528-389-1604,83
49,Wenda Pancoust,wpancoust1c@hexun.com,348-991-8663,31
50,Haily Firman,hfirman1d@usgs.gov,-777-7643,4
51,Linus Kerss,lkerss1e@narod.ru,510-743-4382,98
52,Lyndy Hamments,lhamments1f@aboutads.info,679-621-1184,15
53,Mendy Witcher,mwitcher1g@youtu.be,409-200-7423,94
54,Danyelle Fortune,dfortune1h@state.gov,323-941-0591,10
55,Brandea Chapple,bchapple1i@jugem.jp,629-670-4448,12
56,Lambert Ciric,lciric1j@squarespace.com,275-782-9325,69
57,Kristan Mugglestone,kmugglestone1k@home.pl,181-529-1431,63
58,Neilla Paulat,npaulat1l@wikispaces.com,464-625-1971,7
59,Aloysia Cohen,acohen1m@cbslocal.com,581-262-4808,9
60,Evelina Farnworth,efarnworth1n@meetup.com,210-787-6645,57
61,Barty Garvin,bgarvin1o@123-reg.co.uk,139-302-4730,11
62,Padraic Hullbrook,phullbrook1p@webnode.com,470-899-5951,93
63,Ewan Rennebach,erennebach1q@cbslocal.com,768-848-7923,60
64,Olympia Stanyard,ostanyard1r@vk.com,785-830-8138,22
65,Beth Fairn,bfairn1s@washingtonpost.com,282-539-0772,5
66,Dyanne Huxton,dhuxton1t@flickr.com,225-226-1690,25
67,Faye Caslin,fcaslin1u@elpais.com,949-208-9008,96
68,Malissa Delafoy,mdelafoy1v@latimes.com,888-726-4588,20
69,Torrie Doers,tdoers1w@theglobeandmail.com,988-372-9565,82
70,Karlene Demkowicz,kdemkowicz1x@nps.gov,595-933-6475,10
71,Audi Bielefeld,abielefeld1y@comsenz.com,367-636-7561,45
72,Cletus Elsay,celsay1z@twitter.com,225-495-8845,59
73,Randi Longstaff,rlongstaff20@yellowbook.com,623-848-7205,77
74,Justus Bourner,jbourner21@army.mil,906-956-4051,25
75,Ossie Harcus,oharcus22@zimbio.com,375-828-4161,62
76,Corny Perroni,cperroni23@nih.gov,108-969-5409,27
77,Charlotte Patrone,cpatrone24@spiegel.de,540-478-0443,97
78,Sheridan Leverton,sleverton25@lycos.com,684-127-5073,90
79,Sanderson Rossetti,srossetti26@newsvine.com,287-620-2838,79
80,Mose Bernier,mbernier27@friendfeed.com,722-903-2622,73
81,Genevra Hugonet,ghugonet28@fema.gov,743-808-1515,75
82,Weston Kiessel,wkiessel29@phoca.cz,313-197-0938,35
83,Nickey Bicksteth,nbicksteth2a@creativecommons.org,192-185-3175,20
84,Alena Segrave,asegrave2b@prweb.com,289-329-7561,47
85,Harley Ellins,hellins2c@bizjournals.com,778-956-7891,39
86,Flori Rens,frens2d@marriott.com,322-603-9066,7
87,De witt Frankland,dwitt2e@icio.us,490-785-4184,21
88,Arda Tribe,atribe2f@123-reg.co.uk,951-827-3300,61
89,Frazier Denson,fdenson2g@state.gov,517-453-9890,77
90,Ag Zaniolo,azaniolo2h@marketwatch.com,475-427-8929,3
91,Martainn Bellringer,mbellringer2i@globo.com,447-779-8225,28
92,Wenda Dublin,wdublin2j@reverbnation.com,346-138-2503,93
93,Anthe Althorpe,aalthorpe2k@ycombinator.com,208-884-7704,79
94,Quent Meron,qmeron2l@domainmarket.com,706-732-3385,1
95,Kim Simonnin,ksimonnin2m@guardian.co.uk,384-309-9970,64
96,Karel Dullaghan,kdullaghan2n@is.gd,765-271-7186,98
97,Giraud Wychard,gwychard2o@360.cn,922-847-1701,62
98,Mauricio Oselton,moselton2p@amazonaws.com,372-823-4528,72
99,Dell Loveguard,dloveguard2q@umn.edu,276-247-0914,24
100,Suellen O' Dooley,so2r@dmoz.org,879-549-9054,98
101,Jenny Pounsett,jpounsett2s@posterous.com,732-729-4325,82
102,Aprilette Ygou,aygou2t@clickbank.net,871-633-3516,93
103,Rivy Saffrin,rsaffrin2u@stanford.edu,557-798-7665,32
104,Brooke Scading,bscading2v@army.mil,501-226-7674,32
105,Chrystel Peak,cpeak2w@google.com.br,335-223-6336,68
106,Tanitansy Clendening,tclendening2x@theguardian.com,235-837-4131,50
107,Uriel Ledward,uledward2y@noaa.gov,909-856-5984,37
108,Davine Gally,dgally2z@vk.com,473-876-9688,31
109,Harmonia Daveridge,hdaveridge30@1688.com,576-643-9959,84
110,Milka Clendennen,mclendennen31@drupal.org,892-669-1482,43
111,Gert Stelfox,gstelfox32@yellowpages.com,183-346-5128,4
112,Bernie Howis,bhowis33@drupal.org,445-421-2668,76
113,Dion Oppery,doppery34@nbcnews.com,462-715-1533,85
114,Jilli Mainwaring,jmainwaring35@thetimes.co.uk,981-288-4806,47
115,Darnell Hursthouse,dhursthouse36@theguardian.com,655-811-6839,41
116,Bunni Abramow,babramow37@yelp.com,973-755-1139,77
117,Marcille Hrycek,mhrycek38@businessinsider.com,230-494-9141,58
118,Marleah Arnason,marnason39@loc.gov,207-117-4130,65
119,June Levey,jlevey3a@goo.ne.jp,552-959-8827,24
120,Claus Bubbins,cbubbins3b@1688.com,255-879-9532,33
121,Stevy Dobbing,sdobbing3c@gnu.org,787-738-3291,87
122,Patricia Fydo,pfydo3d@nbcnews.com,672-311-0669,24
123,Constantina Colleton,ccolleton3e@yolasite.com,522-325-0312,26
124,Sibelle Malinson,smalinson3f@photobucket.com,338-624-0475,60
125,Miran Rolance,mrolance3g@dion.ne.jp,338-942-4781,1
126,Jackie Capron,jcapron3h@infoseek.co.jp,803-775-3048,97
127,Halsy Pozzo,hpozzo3i@soundcloud.com,909-832-6633,31
128,Leona Karolovsky,lkarolovsky3j@discovery.com,884-844-0443,78
129,Magdalene Wolfit,mwolfit3k@e-recht24.de,838-918-8733,45
130,Guthrie Livesley,glivesley3l@hc360.com,255-327-9232,97
131,Casie Dumsday,cdumsday3m@imageshack.us,631-811-9745,44
132,Shelia Ruse,sruse3n@w3.org,173-467-9953,6
133,Arlie Newton,anewton3o@yellowpages.com,791-761-4731,50
134,Lonnie Kivlin,lkivlin3p@pcworld.com,236-651-9768,57
135,Gare Brick,gbrick3q@amazonaws.com,764-272-6864,35
136,Wanda Flockhart,wflockhart3r@alibaba.com,368-716-4567,81
137,Adey Farey,afarey3s@ehow.com,755-681-7963,3
138,Eric Cundict,ecundict3t@wsj.com,295-636-4257,46
139,Dermot Wethered,dwethered3u@hugedomains.com,460-884-3275,22
140,Locke Antosik,lantosik3v@hp.com,233-287-1822,85
141,Reamonn Liptrot,rliptrot3w@about.me,369-741-1574,60
142,Alonso Killough,akillough3x@blinklist.com,703-752-7165,11
143,Hildegarde Doore,hdoore3y@nba.com,341-326-0752,59
144,Letizia Beininck,lbeininck3z@histats.com,865-693-8018,87
145,Mimi Bartleman,mbartleman40@gmpg.org,344-746-2498,56
146,Otto Trewin,otrewin41@archive.org,791-412-0290,82
147,Eduino Trusler,etrusler42@dmoz.org,869-854-6840,80
148,Susan McKinnon,smckinnon43@about.me,374-862-0195,85
149,Morgan Scamaden,mscamaden44@amazonaws.com,827-561-8713,11
150,Doti Smorfit,dsmorfit45@webmd.com,521-622-3956,58
151,Michell Kelcher,mkelcher46@mail.ru,243-128-7967,41
152,Giselle Headan,gheadan47@go.com,900-802-9640,50
153,Tasia Burthom,tburthom48@soundcloud.com,532-215-1592,5
154,Cesaro McCaster,cmccaster49@slideshare.net,878-500-1062,7
155,Vanya Penniell,vpenniell4a@instagram.com,607-966-1949,8
156,Larine Pheby,lpheby4b@github.io,704-691-1752,54
157,Gilberto Cayette,gcayette4c@answers.com,287-644-0980,50
158,Agnella Conochie,aconochie4d@mayoclinic.com,721-449-2204,2
159,Ruperto Houldcroft,rhouldcroft4e@dell.com,956-117-2010,85
160,Philippine Davana,pdavana4f@bandcamp.com,171-866-7035,2
161,Ginni Smethurst,gsmethurst4g@nbcnews.com,211-512-6818,99
162,Doris Jocic,djocic4h@marketwatch.com,620-394-3933,32
163,Beulah Slamaker,bslamaker4i@hostgator.com,480-629-7236,25
164,Trueman Corcoran,tcorcoran4j@tinyurl.com,174-832-0739,30
165,Stella Smitheram,ssmitheram4k@t-online.de,729-399-5079,15
166,Hamnet McKinnell,hmckinnell4l@ucoz.ru,927-223-0907,53
167,Myrle Jacklings,mjacklings4m@amazon.de,153-344-3284,13
168,Winnifred Cochern,wcochern4n@vk.com,815-522-6297,33
169,Minta Kordas,mkordas4o@storify.com,204-514-9424,19
170,Elna Wastall,ewastall4p@comcast.net,460-477-8995,99
171,Davin Cobello,dcobello4q@blogs.com,602-487-7549,67
172,Shirlene Gerritsma,sgerritsma4r@uol.com.br,549-439-1820,33
173,Josephina Cookney,jcookney4s@infoseek.co.jp,405-538-4993,69
174,Valerye Philip,vphilip4t@thetimes.co.uk,426-391-0120,29
175,Kaleena Jeafferson,kjeafferson4u@aol.com,580-566-2922,19
176,Natividad O'Keenan,nokeenan4v@360.cn,734-386-4389,47
177,Elayne Fordyce,efordyce4w@si.edu,656-178-6630,11
178,Tamara Huck,thuck4x@ezinearticles.com,116-848-2054,3
179,Guglielmo Frantzeni,gfrantzeni4y@wikispaces.com,863-561-8934,65
180,Cyrus Reveland,creveland4z@joomla.org,313-488-4825,25
181,Pepito Brugemann,pbrugemann50@mozilla.org,783-312-6574,8
182,Dino Dmytryk,ddmytryk51@gov.uk,733-609-2632,54
183,Kelvin Rickford,krickford52@istockphoto.com,159-397-3434,68
184,Noella Enric,nenric53@icq.com,722-609-4210,50
185,Hardy Spira,hspira54@cornell.edu,165-236-2041,48
186,Derward Keningley,dkeningley55@list-manage.com,678-167-6816,18
187,Lavina Crut,lcrut56@parallels.com,394-861-1479,63
188,Adrienne Blakeborough,ablakeborough57@squidoo.com,311-236-3242,68
189,Tabb Titmarsh,ttitmarsh58@reference.com,558-799-8163,8
190,Charlotte MacMoyer,cmacmoyer59@cafepress.com,353-357-8250,75
191,Marve Enrdigo,menrdigo5a@google.com.br,945-521-6137,86
192,Brendis Lennox,blennox5b@cornell.edu,972-657-8015,95
193,Pincas Rustadge,prustadge5c@guardian.co.uk,285-478-3330,75
194,Patrice Brumwell,pbrumwell5d@wsj.com,667-114-1203,22
195,Rowena Quinnell,rquinnell5e@creativecommons.org,464-926-1833,92
196,Skipp Burns,sburns5f@4shared.com,833-639-9612,6
197,Darci Hachard,dhachard5g@tinypic.com,113-336-9197,84
198,Kiri Oldall,koldall5h@usa.gov,732-408-6704,61
199,Abagael Dering,adering5i@diigo.com,135-897-1903,32
200,Roselia Bellon,rbellon5j@amazon.com,174-732-0132,73
201,Flore Heinlein,fheinlein5k@feedburner.com,505-848-0561,51
202,Colby Lipp,clipp5l@ucoz.ru,303-745-4386,88
203,Rosemarie Tunbridge,rtunbridge5m@scientificamerican.com,582-586-2247,65
204,Calvin Corrett,ccorrett5n@mac.com,944-984-4503,66
205,Gertrudis de Clerc,gde5o@cbc.ca,948-340-1547,96
206,Quincey Hadenton,qhadenton5p@stumbleupon.com,543-754-9399,51
207,Rubie Issakov,rissakov5q@cbslocal.com,464-935-5134,88
208,Abeu Children,achildren5r@china.com.cn,934-100-0571,31
209,Bette-ann Petracek,bpetracek5s@berkeley.edu,301-956-4589,66
210,Luke Deeley,ldeeley5t@indiegogo.com,870-212-0036,60
211,Alvie Merington,amerington5u@nsw.gov.au,381-693-2609,13
212,Moises Walthall,mwalthall5v@twitpic.com,582-260-2965,12
213,Antonie Harron,aharron5w@domainmarket.com,684-592-1693,60
214,Maighdiln Purvey,mpurvey5x@cdc.gov,102-339-7002,6
215,Kirbie O'Dogherty,kodogherty5y@wiley.com,725-709-6692,20
216,Chelsea Giovanardi,cgiovanardi5z@usgs.gov,303-995-3904,26
217,Aube Sharrem,asharrem60@paginegialle.it,198-302-7185,96
218,Cybill Bessom,cbessom61@studiopress.com,660-800-2374,9
219,Feodora Tindley,ftindley62@addthis.com,811-530-9078,100
220,Eleen Lindwall,elindwall63@networksolutions.com,634-796-7337,93
221,Jessa Paulus,jpaulus64@unicef.org,988-973-9686,6
222,Gregoor Meran,gmeran65@mashable.com,801-107-8054,57
223,Brander MacDuff,bmacduff66@twitpic.com,912-628-8336,100
224,Wilton Meys,wmeys67@home.pl,486-146-4682,5
225,Darby Badrick,dbadrick68@skyrock.com,667-142-6348,23
226,Domenico McGorley,dmcgorley69@xinhuanet.com,808-996-9075,21
227,Gilly Goshawk,ggoshawk6a@opensource.org,902-474-3053,80
228,Fancie Whiterod,fwhiterod6b@scientificamerican.com,895-748-0996,63
229,Rosie Bellino,rbellino6c@hubpages.com,984-679-6403,15
230,Paolina Johanchon,pjohanchon6d@canalblog.com,692-899-0258,56
231,Cchaddie Haycox,chaycox6e@hugedomains.com,542-678-5181,69
232,Robb Shortell,rshortell6f@noaa.gov,240-775-5634,36
233,Weylin McNeish,wmcneish6g@chron.com,873-318-6845,33
234,Duane Irving,dirving6h@mail.ru,789-887-4077,7
235,Wilden Kiehl,wkiehl6i@aboutads.info,852-321-9507,85
236,Vernon Di Franceschi,vdi6j@bloglovin.com,674-687-8934,40
237,Kendall Chadwin,kchadwin6k@arizona.edu,584-315-4503,81
238,Lucille Wintringham,lwintringham6l@nymag.com,938-290-6690,70
239,Ginnie Lambrecht,glambrecht6m@nba.com,842-422-4819,100
240,Neda Dendle,ndendle6n@businessinsider.com,671-530-3299,37
241,Marcel Champneys,mchampneys6o@usgs.gov,919-993-8502,83
242,Renelle Feifer,rfeifer6p@cargocollective.com,365-825-9037,77
243,Free Wetheril,fwetheril6q@jigsy.com,340-807-4974,92
244,Trescha Diack,tdiack6r@thetimes.co.uk,278-600-4683,54
245,Bernie Dullingham,bdullingham6s@amazonaws.com,994-711-1486,28
246,Lusa Grouse,lgrouse6t@netscape.com,936-531-4216,64
247,Cam Toun,ctoun6u@diigo.com,771-785-7078,46
248,Lil Musker,lmusker6v@cbc.ca,352-254-9278,65
249,Randie Stockwell,rstockwell6w@wsj.com,361-717-3868,96
250,Melantha Purser,mpurser6x@irs.gov,818-934-8351,68
251,Deanna Southorn,dsouthorn6y@exblog.jp,405-868-4060,86
252,Duane Cabedo,dcabedo6z@cnn.com,756-118-3866,11
253,Justinn Scouller,jscouller70@mapy.cz,722-845-5633,64
254,Art Pepperill,apepperill71@skype.com,907-127-2856,10
255,Drucill Jeram,djeram72@businessinsider.com,572-960-3889,79
256,Clement Robbel,crobbel73@wiley.com,692-854-2588,11
257,Penn Boustred,pboustred74@typepad.com,563-805-0276,62
258,Libbie Roelofsen,lroelofsen75@foxnews.com,674-368-0026,23
259,Burl Breakwell,bbreakwell76@technorati.com,397-440-5493,32
260,Vonni Gregol,vgregol77@posterous.com,965-555-0389,50
261,Babs Morforth,bmorforth78@ovh.net,947-286-3553,3
262,Marketa Cavanaugh,mcavanaugh79@microsoft.com,797-662-5935,3
263,Virge Keynd,vkeynd7a@instagram.com,776-108-3775,39
264,Hermina Stirland,hstirland7b@disqus.com,984-445-3711,1
265,Laurena Durant,ldurant7c@about.com,103-227-9814,23
266,Adorne Dedon,adedon7d@vk.com,816-834-5361,35
267,Fredek Ollive,follive7e@skype.com,542-295-1564,84
268,Natty Scopham,nscopham7f@opensource.org,936-934-6455,98
269,Ruben Eatock,reatock7g@jugem.jp,885-509-5970,55
270,Rudie Fernandes,rfernandes7h@creativecommons.org,645-333-9113,10
271,Mill Collinette,mcollinette7i@umn.edu,477-453-8361,23
272,Brandtr Grassot,bgrassot7j@mozilla.org,446-314-4700,46
273,Karylin Gladbach,kgladbach7k@123-reg.co.uk,727-250-2882,71
274,Rustie Bemlott,rbemlott7l@mit.edu,337-155-0447,70
275,Virgil Firidolfi,vfiridolfi7m@theguardian.com,393-717-0572,90
276,Riley McKeag,rmckeag7n@clickbank.net,610-377-7569,85
277,Andrew Wilflinger,awilflinger7o@npr.org,746-590-9230,61
278,Jeanelle Slay,jslay7p@hhs.gov,960-196-2165,66
279,Eustace Domenicone,edomenicone7q@amazon.co.uk,226-246-7325,86
280,Tabbie Elcy,telcy7r@hatena.ne.jp,522-698-2960,11
281,Wilton Jiri,wjiri7s@apache.org,605-540-6978,58
282,Armando Witcherley,awitcherley7t@nyu.edu,784-548-3079,44
283,Raven Kefford,rkefford7u@histats.com,963-989-9982,48
284,Jeanelle Bartlam,jbartlam7v@va.gov,526-889-4178,70
285,Saunders Nowaczyk,snowaczyk7w@nps.gov,195-900-0016,15
286,Reinhard Jimson,rjimson7x@wired.com,542-389-2023,33
287,Elsy Balser,ebalser7y@slate.com,933-485-1186,18
288,Prudy Kienzle,pkienzle7z@plala.or.jp,296-329-4983,21
289,Heinrik Halwood,hhalwood80@ihg.com,253-157-6829,75
290,Denny Doul,ddoul81@pagesperso-orange.fr,317-137-9676,63
291,Kerrin Hucker,khucker82@cmu.edu,519-480-1263,55
292,Jermaine Melly,jmelly83@xinhuanet.com,456-103-5797,75
293,Marcelia Yansons,myansons84@prlog.org,299-610-2419,58
294,Delmore Schechter,dschechter85@yandex.ru,386-381-0125,96
295,Taylor Copnell,tcopnell86@360.cn,819-743-2541,46
296,Doloritas Zanutti,dzanutti87@networksolutions.com,550-489-5000,48
297,Theresa De Marchi,tde88@hubpages.com,312-483-3221,36
298,Halley Deveril,hdeveril89@gizmodo.com,710-650-7112,18
299,Deane Leither,dleither8a@cnn.com,549-764-2895,13
300,Pablo Bickerton,pbickerton8b@canalblog.com,465-777-9128,31
301,Dacie Baines,dbaines8c@mtv.com,241-413-8202,30
302,Fairlie Lomasny,flomasny8d@newsvine.com,875-832-2076,26
303,Bowie Woodage,bwoodage8e@va.gov,250-506-8811,94
304,Yance Stienham,ystienham8f@privacy.gov.au,216-345-4353,19
305,Bentley Romagosa,bromagosa8g@domainmarket.com,349-179-2795,33
306,Owen Ovenden,oovenden8h@dropbox.com,472-757-1485,38
307,Minne Butfield,mbutfield8i@bbc.co.uk,157-645-0552,13
308,Christoffer Dachey,cdachey8j@tripadvisor.com,666-587-0560,53
309,Gates Bevis,gbevis8k@si.edu,729-310-5116,68
310,Tallie Cuskery,tcuskery8l@mysql.com,530-652-4347,48
311,Stillman Branton,sbranton8m@usa.gov,724-744-0677,32
312,Alyse Knight,aknight8n@seesaa.net,469-480-2917,56
313,Neile Birrane,nbirrane8o@xinhuanet.com,941-296-0246,75
314,Deane Le Bosse,dle8p@independent.co.uk,284-353-3523,74
315,Guido Learmont,glearmont8q@slate.com,607-757-1943,75
316,Noami Bowyer,nbowyer8r@dion.ne.jp,231-327-1094,34
317,Reinhard Feilden,rfeilden8s@earthlink.net,210-120-4201,35
318,Jen Theuff,jtheuff8t@plala.or.jp,637-940-0234,32
319,Urbanus Hussell,uhussell8u@oakley.com,503-490-7788,44
320,Dara Snaden,dsnaden8v@artisteer.com,428-260-1249,6
321,Yale Barajaz,ybarajaz8w@disqus.com,380-878-4000,35
322,Dion Burness,dburness8x@unblog.fr,571-134-9517,65
323,Sheilakathryn Coltart,scoltart8y@vkontakte.ru,347-452-0472,97
324,Cordula Albion,calbion8z@phpbb.com,287-749-6033,55
325,Pam Eyer,peyer90@i2i.jp,363-504-3351,87
326,Vidovic Emanulsson,vemanulsson91@oaic.gov.au,518-545-1019,77
327,Gerik Khomich,gkhomich92@zdnet.com,478-246-5588,54
328,Elvira Lauxmann,elauxmann93@dyndns.org,418-412-6643,36
329,Juieta Hemmingway,jhemmingway94@imdb.com,410-764-7750,37
330,Brantley Whimp,bwhimp95@ucla.edu,451-600-8221,13
331,Christopher Latey,clatey96@sohu.com,312-120-7843,55
332,Ruthy Pedreschi,rpedreschi97@eepurl.com,117-190-1324,95
333,Tadd Mosey,tmosey98@imdb.com,114-519-8189,43
334,Richmound Baggett,rbaggett99@prlog.org,622-409-9107,69
335,Oswell Timmermann,otimmermann9a@tripod.com,523-451-3501,11
336,Elijah Parchment,eparchment9b@squidoo.com,675-157-8059,8
337,Fabien Belbin,fbelbin9c@sciencedirect.com,922-309-8960,94
338,Mathilda Inchan,minchan9d@hibu.com,842-444-4162,54
339,Ilka McQuillin,imcquillin9e@hexun.com,994-981-3916,51
340,Ursula Cattlemull,ucattlemull9f@devhub.com,903-255-8428,81
341,Petronille Sabathier,psabathier9g@delicious.com,448-755-4424,42
342,Abey Paylie,apaylie9h@wordpress.com,709-704-0990,59
343,Katine Leavey,kleavey9i@dell.com,281-801-2135,61
344,Dominik Davidovic,ddavidovic9j@prweb.com,883-828-3160,43
345,Wolfie Tefft,wtefft9k@gizmodo.com,243-208-2737,12
346,Trudy Bosson,tbosson9l@ucoz.ru,242-557-6113,59
347,Carson Stokes,cstokes9m@hubpages.com,701-814-6653,88
348,Ned Oliva,noliva9n@jalbum.net,299-870-7857,33
349,Catina Maiklem,cmaiklem9o@wufoo.com,837-841-2590,92
350,Kim O'Kinedy,kokinedy9p@meetup.com,302-107-3901,6
351,Dolly Connah,dconnah9q@smh.com.au,593-747-9245,98
352,Alyse Denver,adenver9r@sogou.com,405-515-2381,50
353,Dominique Dibbert,ddibbert9s@springer.com,478-528-5443,67
354,Cleveland Davidavidovics,cdavidavidovics9t@nba.com,565-341-2137,6
355,Darleen Waye,dwaye9u@github.io,318-726-5664,15
356,Loren Rubel,lrubel9v@dropbox.com,986-965-7968,87
357,Dyanne Bennen,dbennen9w@lulu.com,470-903-7129,90
358,Percy Shotboulte,pshotboulte9x@reverbnation.com,260-262-4352,60
359,Antone Piotrowski,apiotrowski9y@ehow.com,411-349-0934,45
360,Christabella McLenahan,cmclenahan9z@google.ca,694-552-5188,73
361,Adeline Gallear,agalleara0@dyndns.org,895-233-3686,31
362,Frank Hullah,fhullaha1@hostgator.com,559-278-8300,42
363,Nikos Nunson,nnunsona2@blogs.com,826-296-0444,52
364,Mic Binley,mbinleya3@a8.net,437-286-6815,8
365,Fee Castri,fcastria4@furl.net,591-228-0136,64
366,Agnes Jilkes,ajilkesa5@friendfeed.com,395-203-3511,81
367,Jacinthe Baffin,jbaffina6@disqus.com,756-327-7325,78
368,Oralee Shanley,oshanleya7@mediafire.com,449-401-3790,35
369,Geneva McPhee,gmcpheea8@spotify.com,726-296-8350,70
370,Nettle Masters,nmastersa9@wikispaces.com,677-370-0548,67
371,Talya Alvy,talvyaa@mlb.com,966-723-9036,87
372,Vin Du Fray,vduab@woothemes.com,685-531-2686,19
373,Sissie Fryd,sfrydac@sina.com.cn,918-196-1675,27
374,Natasha Abrahami,nabrahamiad@walmart.com,741-236-9170,44
375,Kevon Landall,klandallae@studiopress.com,932-346-2145,23
376,Jud Arnaudot,jarnaudotaf@merriam-webster.com,371-468-7980,98
377,Orren Farren,ofarrenag@ow.ly,707-176-4981,62
378,Charmaine Kassidy,ckassidyah@state.tx.us,219-947-5881,11
379,Gladi Stebbings,gstebbingsai@wufoo.com,934-799-7607,34
380,Ginger Singh,gsinghaj@shop-pro.jp,377-214-9122,47
381,Melva Vause,mvauseak@163.com,744-202-9475,7
382,Martino Sarvar,msarvaral@facebook.com,867-565-2539,55
383,Ruby Hunte,rhunteam@youku.com,863-607-8503,87
384,Carmine D'Ambrogi,cdambrogian@washingtonpost.com,175-552-8453,82
385,Honoria Casseldine,hcasseldineao@bloglines.com,626-579-6554,90
386,Lavina Bruhnsen,lbruhnsenap@artisteer.com,619-762-3956,66
387,Jennette Ricards,jricardsaq@flavors.me,519-529-5276,60
388,Hedy Stainfield,hstainfieldar@microsoft.com,287-384-6689,84
389,Sargent Urian,surianas@miitbeian.gov.cn,162-682-5804,79
390,Betti Prout,bproutat@amazonaws.com,989-162-7330,100
391,Kordula Mahody,kmahodyau@devhub.com,969-574-1281,73
392,Elmira Cranna,ecrannaav@pen.io,190-406-0859,31
393,Louise Rustman,lrustmanaw@histats.com,907-588-8842,80
394,Lorry Maren,lmarenax@github.com,694-997-9974,7
395,Tammy Shapiro,tshapiroay@tamu.edu,611-558-9886,57
396,Clotilda Braunter,cbraunteraz@prnewswire.com,284-361-9623,91
397,Ellwood Disdel,edisdelb0@sciencedirect.com,999-493-1963,51
398,Timothea Bloschke,tbloschkeb1@pinterest.com,178-328-2668,43
399,Kathlin Larkby,klarkbyb2@pen.io,605-550-5036,20
400,Ganny Reap,greapb3@pbs.org,436-347-0446,44
401,Lyndsay Reckus,lreckusb4@friendfeed.com,576-586-1987,43
402,Shelby Izkovicz,sizkoviczb5@icio.us,263-622-2144,88
403,Dot Birrane,dbirraneb6@google.co.uk,202-436-9035,42
404,Abdel Birkhead,abirkheadb7@ted.com,845-368-1097,57
405,Karel Beven,kbevenb8@flavors.me,201-422-4714,12
406,Aurilia Alphege,aalphegeb9@seattletimes.com,899-550-1095,37
407,Imogene Scoggans,iscoggansba@google.com,901-502-1273,89
408,Rickie Kliement,rkliementbb@nature.com,310-211-1068,51
409,Kearney Medlar,kmedlarbc@bbb.org,534-675-9380,39
410,Drucy Fancutt,dfancuttbd@twitter.com,715-103-4541,17
411,Royall Bilbrooke,rbilbrookebe@pagesperso-orange.fr,294-780-1974,41
412,Stefanie Tolussi,stolussibf@arizona.edu,965-256-6956,25
413,Rickard Islip,rislipbg@amazon.co.jp,570-550-6250,100
414,Natalina Sainsbury-Brown,nsainsburybrownbh@ihg.com,269-794-1828,36
415,Cary Clyne,cclynebi@fotki.com,636-256-4043,93
416,Orland O'Coskerry,oocoskerrybj@discovery.com,514-219-1535,80
417,Leland Carbonell,lcarbonellbk@surveymonkey.com,244-429-7585,46
418,Nicolis Blackboro,nblackborobl@umich.edu,253-416-9473,34
419,Karl Mounsey,kmounseybm@wordpress.com,100-497-6270,47
420,Ware Durant,wdurantbn@tiny.cc,157-769-0880,84
421,Celene Sorbie,csorbiebo@arstechnica.com,909-741-4373,2
422,Livia Povlsen,lpovlsenbp@is.gd,695-552-3934,69
423,Blaine Utridge,butridgebq@jalbum.net,644-241-9659,72
424,Lonnie Roughey,lrougheybr@freewebs.com,307-239-2680,62
425,Aylmar Ripley,aripleybs@apache.org,604-212-4459,37
426,Marylee Schistl,mschistlbt@weibo.com,283-752-4918,77
427,Boone Grabham,bgrabhambu@sitemeter.com,748-773-6114,77
428,Patience Shawley,pshawleybv@sogou.com,892-254-3825,50
429,Emilie Bewick,ebewickbw@answers.com,133-868-7181,5
430,Dodi Sweating,dsweatingbx@uol.com.br,733-132-8763,19
431,Teena Peacher,tpeacherby@istockphoto.com,610-929-5117,93
432,Parsifal Wake,pwakebz@cyberchimps.com,964-791-6442,13
433,Alejandra Cinderey,acindereyc0@dropbox.com,548-931-4489,34
434,Miner Poytress,mpoytressc1@cbslocal.com,575-894-2827,22
435,Tomkin Pendrick,tpendrickc2@mtv.com,678-897-8759,4
436,Theodosia Riste,tristec3@exblog.jp,513-429-1316,27
437,Kendal Fernando,kfernandoc4@wufoo.com,657-510-9025,76
438,Francisca Bellison,fbellisonc5@ftc.gov,602-528-8785,63
439,Chaim Domel,cdomelc6@surveymonkey.com,680-147-0164,86
440,Codi Mitchiner,cmitchinerc7@theguardian.com,155-745-0527,58
441,Bernete Goldhill,bgoldhillc8@odnoklassniki.ru,309-635-1144,32
442,Ranice Stanborough,rstanboroughc9@eepurl.com,791-101-3756,61
443,Dotti Pristnor,dpristnorca@theglobeandmail.com,953-399-8329,93
444,Allys Ewbanke,aewbankecb@cam.ac.uk,769-872-6962,21
445,Vita Tinn,vtinncc@diigo.com,911-233-7489,54
446,Rory Reaney,rreaneycd@answers.com,936-696-0938,67
447,Joellen Dwane,jdwanece@sfgate.com,367-236-7959,59
448,Kelwin Hamner,khamnercf@163.com,928-348-2184,40
449,Mose Britto,mbrittocg@digg.com,479-242-6988,66
450,Delilah Godsmark,dgodsmarkch@usatoday.com,552-124-8925,78
451,Gregoor Blainey,gblaineyci@wufoo.com,489-166-6817,39
452,Florence Dance,fdancecj@tinyurl.com,246-724-7568,98
453,Brendis Nials,bnialsck@google.co.uk,104-148-6819,90
454,Drugi Hughesdon,dhughesdoncl@unicef.org,305-821-6036,11
455,John Boraston,jborastoncm@photobucket.com,491-563-5974,47
456,Roselle Lauret,rlauretcn@furl.net,129-802-0392,46
457,Noemi Pietzner,npietznerco@ibm.com,930-170-9940,40
458,Pepito Blackadder,pblackaddercp@blogspot.com,813-882-1081,17
459,Gabriele Kunz,gkunzcq@mlb.com,117-956-0257,75
460,Ruthy Bosquet,rbosquetcr@purevolume.com,836-422-8119,98
461,Leonanie Haack,lhaackcs@examiner.com,584-790-4222,71
462,Avery Caffery,acafferyct@qq.com,673-715-1067,72
463,Ivie Dorgon,idorgoncu@businessinsider.com,718-203-3919,1
464,Rosita Oxley,roxleycv@noaa.gov,560-231-1511,86
465,Kennie Abrami,kabramicw@earthlink.net,488-712-8136,71
466,Sybil Fend,sfendcx@bbc.co.uk,870-520-0507,97
467,Culver Ricket,cricketcy@twitpic.com,757-344-9483,33
468,Leigh Woodfield,lwoodfieldcz@soup.io,893-448-7494,59
469,Lenette Aasaf,laasafd0@seattletimes.com,937-644-6942,26
470,Jerrome MacGoun,jmacgound1@trellian.com,709-375-7215,63
471,Barbabas Ruddy,bruddyd2@globo.com,733-117-5307,53
472,Cloris Sante,csanted3@hubpages.com,349-652-2233,3
473,Gertie Moyles,gmoylesd4@wikimedia.org,444-804-9240,66
474,Amabel Darque,adarqued5@taobao.com,566-117-0922,85
475,Elva Trumble,etrumbled6@accuweather.com,470-949-6020,2
476,Dorelle Antonioni,dantonionid7@lycos.com,657-141-6245,14
477,Orsola Fabler,ofablerd8@wordpress.com,202-372-1082,78
478,Lanny Delucia,ldeluciad9@nasa.gov,361-779-7705,66
479,Raimondo Weafer,rweaferda@devhub.com,536-372-2616,3
480,Wallas Risso,wrissodb@linkedin.com,478-804-6297,36
481,Mora Colvie,mcolviedc@forbes.com,171-787-7963,62
482,Olivier Chillistone,ochillistonedd@upenn.edu,399-905-2898,55
483,Kameko Biggam,kbiggamde@amazonaws.com,726-605-9410,31
484,Desmund Hegdonne,dhegdonnedf@unicef.org,835-975-9393,14
485,Toma Aked,takeddg@wikimedia.org,906-627-3361,83
486,Barrie Schoales,bschoalesdh@simplemachines.org,999-975-7957,99
487,Mabelle Tolliday,mtollidaydi@sitemeter.com,436-971-0031,10
488,Lanie MacMychem,lmacmychemdj@mediafire.com,813-726-5088,20
489,Shamus Piecha,spiechadk@mozilla.org,832-589-1438,33
490,Briney Reah,breahdl@cnbc.com,758-123-2873,69
491,Wendell Roggerone,wroggeronedm@nationalgeographic.com,779-750-4625,38
492,Michelina Farries,mfarriesdn@flickr.com,743-996-4893,33
493,Gaspard Worts,gwortsdo@wix.com,878-294-0432,10
494,Orelee Nowlan,onowlandp@pen.io,467-759-1230,44
495,Giusto Woodfin,gwoodfindq@usa.gov,453-930-5326,89
496,Brody Ropcke,bropckedr@myspace.com,763-289-6297,45
497,Elbertina Ronan,eronands@spiegel.de,236-107-2777,34
498,Justus Krier,jkrierdt@google.cn,101-443-3527,64
499,Nalani Pinkett,npinkettdu@ucla.edu,894-698-2195,66
500,Birgit Howerd,bhowerddv@meetup.com,988-212-3707,82
501,Francene Jesty,fjestydw@squarespace.com,680-564-5846,70
502,Aldus Weedon,aweedondx@google.de,273-810-6097,78
503,Lanny Firidolfi,lfiridolfidy@wikipedia.org,234-160-6280,19
504,Cassie Treagust,ctreagustdz@skype.com,681-363-9465,81
505,Tremayne Clarycott,tclarycotte0@blogs.com,787-452-6144,39
506,Valentine Beetles,vbeetlese1@i2i.jp,927-908-7559,69
507,Forrester Whittle,fwhittlee2@mozilla.org,984-301-1697,15
508,Veda Banaszczyk,vbanaszczyke3@gizmodo.com,215-931-1052,97
509,Linea Fairhall,lfairhalle4@mediafire.com,182-874-1428,75
510,Ericha Bushell,ebushelle5@wikimedia.org,465-788-1744,37
511,Fedora Ilyushkin,filyushkine6@nytimes.com,546-258-2532,52
512,Silvana Rivenzon,srivenzone7@wiley.com,955-443-0378,93
513,Edd Sterman,estermane8@amazon.de,366-765-4094,79
514,Rebeca Esmonde,resmondee9@ebay.com,670-884-2888,3
515,Emerson Groneway,egronewayea@psu.edu,781-814-7432,98
516,Elizabet Perone,eperoneeb@intel.com,528-109-5382,70
517,Sayers Goldsworthy,sgoldsworthyec@topsy.com,868-736-8286,31
518,Sonya Klosterman,sklostermaned@umich.edu,557-203-3954,67
519,Tito Ronca,troncaee@stumbleupon.com,448-460-9059,11
520,Wynny Turfes,wturfesef@thetimes.co.uk,980-355-5499,51
521,Cariotta Saunton,csauntoneg@google.com.au,107-246-8984,90
522,Marice Havers,mhaverseh@naver.com,346-941-8311,40
523,Cam Olive,coliveei@newyorker.com,923-949-4754,94
524,Michael Keyson,mkeysonej@wiley.com,136-891-6580,39
525,Silvana Guisby,sguisbyek@ucsd.edu,542-441-8233,31
526,Francisco Cabral,fcabralel@taobao.com,409-135-4749,9
527,Dara Deverock,ddeverockem@storify.com,483-133-8150,29
528,Thane Paxton,tpaxtonen@psu.edu,576-801-8326,4
529,Gannon Hofton,ghoftoneo@weebly.com,594-359-4676,76
530,Brittni Pryde,bprydeep@edublogs.org,781-165-5506,8
531,Amby Tuma,atumaeq@princeton.edu,491-433-9275,4
532,Gillie Dyson,gdysoner@mozilla.org,826-754-4920,20
533,Arlin Dyott,adyottes@buzzfeed.com,556-346-5298,92
534,Georgetta Loudyan,gloudyanet@ebay.co.uk,857-186-9825,35
535,Heida Suttie,hsuttieeu@yelp.com,480-535-1479,74
536,Ximenes Whitford,xwhitfordev@twitpic.com,261-512-0087,93
537,Cati Gostyke,cgostykeew@indiatimes.com,672-993-6947,87
538,Delinda Oleksiak,doleksiakex@zimbio.com,897-947-6311,91
539,Natal Gottschalk,ngottschalkey@census.gov,456-615-7885,40
540,Timoteo Colebeck,tcolebeckez@godaddy.com,152-570-1286,63
541,Dorise Antusch,dantuschf0@nsw.gov.au,999-467-6480,28
542,Elissa Lydall,elydallf1@stanford.edu,200-336-2993,34
543,Addy Puzey,apuzeyf2@eepurl.com,489-546-5647,15
544,Cate MacKellen,cmackellenf3@senate.gov,282-586-8942,13
545,Caryl Knapp,cknappf4@intel.com,642-620-8594,94
546,Jess Lufkin,jlufkinf5@stumbleupon.com,409-751-1966,64
547,Nikolaos Hatliff,nhatlifff6@answers.com,726-275-5756,85
548,Mattie Dunbavin,mdunbavinf7@wordpress.com,870-529-7927,3
549,Celine Fonzo,cfonzof8@reuters.com,337-192-6915,5
550,Sanson Fidelli,sfidellif9@lulu.com,239-625-3492,90
551,Dav Brunel,dbrunelfa@facebook.com,974-849-9326,19
552,Jory Ishaki,jishakifb@answers.com,504-446-2500,11
553,Chris Nowakowski,cnowakowskifc@yelp.com,885-837-6838,75
554,Kimberly Chesterton,kchestertonfd@wufoo.com,543-524-6046,9
555,Jasmin Earey,jeareyfe@illinois.edu,952-872-3280,88
556,Theo Clinning,tclinningff@indiegogo.com,419-812-5944,40
557,Ema Sitch,esitchfg@un.org,470-678-9623,84
558,Vannie Brewin,vbrewinfh@wix.com,719-914-1119,71
559,Lynett Rofe,lrofefi@creativecommons.org,541-606-5613,86
560,Arlen O'Hallagan,aohallaganfj@rakuten.co.jp,100-892-5480,65
561,Dav Pavkovic,dpavkovicfk@accuweather.com,237-504-3298,65
562,Claresta Broadnicke,cbroadnickefl@reuters.com,691-115-2540,29
563,Henryetta Ludy,hludyfm@uiuc.edu,344-567-5028,47
564,Hillard Dockwray,hdockwrayfn@hibu.com,197-658-6273,62
565,Zerk Eilhertsen,zeilhertsenfo@java.com,829-856-3100,85
566,Hansiain Scotson,hscotsonfp@over-blog.com,250-139-5508,75
567,Paulina Elvey,pelveyfq@marketwatch.com,753-447-0584,40
568,Samara Kinlock,skinlockfr@goo.gl,655-946-1545,69
569,Nerty Buzzing,nbuzzingfs@g.co,754-410-5000,96
570,Gray Wellan,gwellanft@taobao.com,296-866-1982,83
571,Diann Gaunter,dgaunterfu@reuters.com,222-592-6085,39
572,Sophi Bulbrook,sbulbrookfv@amazon.co.jp,704-628-2843,63
573,Miranda Iffland,mifflandfw@webs.com,159-769-8403,2
574,Irene Schuricht,ischurichtfx@naver.com,846-882-8980,10
575,Rivy Chaffer,rchafferfy@artisteer.com,444-494-5020,10
576,Marissa Huish,mhuishfz@shutterfly.com,530-808-6670,72
577,Stormy Drake,sdrakeg0@apple.com,296-902-2835,27
578,Thaddus Sam,tsamg1@godaddy.com,741-541-9670,38
579,Aliza Allchorn,aallchorng2@amazonaws.com,500-740-1581,72
580,Burr Loy,bloyg3@seattletimes.com,977-672-3035,42
581,Vivie Treffry,vtreffryg4@nhs.uk,889-917-7640,75
582,Emili Dudenie,edudenieg5@dell.com,580-920-3009,74
583,Cloe Ramsted,cramstedg6@pinterest.com,979-469-1594,18
584,Nataniel Tommasuzzi,ntommasuzzig7@dyndns.org,478-361-5303,17
585,Verena Killcross,vkillcrossg8@squidoo.com,904-514-5713,31
586,Vi Ceaplen,vceapleng9@pen.io,847-243-3905,71
587,Jan Comazzo,jcomazzoga@wordpress.com,820-487-7210,25
588,Nona Broxis,nbroxisgb@edublogs.org,551-362-6024,20
589,Geoffrey Witterick,gwitterickgc@cocolog-nifty.com,238-771-0466,2
590,Tudor Whyley,twhyleygd@bravesites.com,242-608-1473,14
591,Sabrina Chaddock,schaddockge@imageshack.us,894-176-9808,79
592,Lombard Bea,lbeagf@nymag.com,541-787-5167,41
593,Dennis Headford,dheadfordgg@skyrock.com,733-326-7917,6
594,Skippy Egleton,segletongh@oracle.com,794-677-7283,69
595,Adena Hanwell,ahanwellgi@etsy.com,863-257-1280,94
596,Vilhelmina Searchfield,vsearchfieldgj@elpais.com,541-539-6349,45
597,Callean Da Costa,cdagk@bandcamp.com,272-800-5947,48
598,Arnuad Nolder,anoldergl@mashable.com,484-935-7517,24
599,Miles Marielle,mmariellegm@theglobeandmail.com,863-898-9340,65
600,Worthy Aloway,walowaygn@vk.com,743-433-9955,34
601,Albertina Spoure,aspourego@harvard.edu,451-618-3741,84
602,Jude Spillman,jspillmangp@bing.com,292-353-1609,85
603,Arty Broadbere,abroadberegq@noaa.gov,375-100-7938,45
604,Darrick Folland,dfollandgr@netscape.com,349-959-4192,87
605,Natale Dand,ndandgs@yandex.ru,265-690-8867,1
606,Lexis Wildes,lwildesgt@sun.com,837-249-4551,53
607,Saidee Toms,stomsgu@smh.com.au,243-499-2905,33
608,Sonny Thurlbourne,sthurlbournegv@163.com,155-897-1328,56
609,Babette Ends,bendsgw@ucoz.ru,177-904-4597,54
610,Jacinta Rowney,jrowneygx@a8.net,499-630-9927,23
611,Nickey Seckom,nseckomgy@photobucket.com,744-569-9762,79
612,Marinna Lowis,mlowisgz@imageshack.us,714-343-2656,47
613,Alejandra Longmaid,alongmaidh0@hud.gov,543-814-5924,41
614,Gawen Cottem,gcottemh1@wunderground.com,107-218-3688,14
615,Bobby Nissle,bnissleh2@yolasite.com,822-101-2778,55
616,Bogey Oboy,boboyh3@shop-pro.jp,396-785-4943,43
617,Moses McGeouch,mmcgeouchh4@independent.co.uk,403-215-1350,30
618,Rice Runnett,rrunnetth5@theatlantic.com,883-817-4555,79
619,Nissy Fripps,nfrippsh6@imgur.com,846-838-5938,45
620,Lindy Coopman,lcoopmanh7@oaic.gov.au,780-320-3536,30
621,Rochelle Brislawn,rbrislawnh8@census.gov,379-342-4974,32
622,Tori Kindleysides,tkindleysidesh9@dropbox.com,991-288-4840,46
623,Mayne Smallcombe,msmallcombeha@nasa.gov,296-689-1574,63
624,Fanchon Dublin,fdublinhb@yahoo.com,390-133-4574,51
625,Duky McNysche,dmcnyschehc@icq.com,805-558-3488,71
626,Normand Warters,nwartershd@com.com,831-445-9992,74
627,Uriah Unitt,uunitthe@macromedia.com,977-978-2323,34
628,Agna Deehan,adeehanhf@squarespace.com,941-831-7594,37
629,Frankie Sloegrave,fsloegravehg@msu.edu,592-839-4115,29
630,Kenon Peeters,kpeetershh@reuters.com,628-192-9633,21
631,Latrena Spadotto,lspadottohi@qq.com,932-498-2940,2
632,Adelle Ruslin,aruslinhj@ehow.com,102-859-2218,96
633,Launce Coppens,lcoppenshk@tripadvisor.com,550-253-6795,69
634,Xever Kinman,xkinmanhl@wsj.com,642-574-1928,19
635,Billie Boxer,bboxerhm@a8.net,841-162-2783,24
636,Robb Houliston,rhoulistonhn@bigcartel.com,311-762-9264,4
637,Dania Stolberg,dstolbergho@friendfeed.com,184-288-8139,94
638,Oby Malam,omalamhp@naver.com,715-311-3794,8
639,Cortney Scullard,cscullardhq@bandcamp.com,642-918-8436,25
640,Sula Abbay,sabbayhr@wordpress.com,777-635-9335,41
641,Aloin Munt,amunths@ameblo.jp,921-758-6560,36
642,Valeria Dawltrey,vdawltreyht@earthlink.net,671-795-0993,5
643,Silas Machin,smachinhu@yahoo.co.jp,235-833-4248,91
644,Valma Ramalho,vramalhohv@yale.edu,637-405-6892,28
645,Willyt Trytsman,wtrytsmanhw@linkedin.com,143-545-6640,77
646,Aristotle Chamberlaine,achamberlainehx@jugem.jp,626-547-6116,85
647,Nestor Le Page,nlehy@va.gov,305-911-4332,28
648,Heidie Rathe,hrathehz@1688.com,481-236-7704,48
649,Arty Ellesworth,aellesworthi0@fastcompany.com,824-862-9337,66
650,Carla Menzies,cmenziesi1@bbc.co.uk,375-655-8731,51
651,Major Larmour,mlarmouri2@army.mil,684-200-8496,49
652,Aurie Spoole,aspoolei3@joomla.org,966-396-8471,14
653,Hamlin McCurt,hmccurti4@chicagotribune.com,972-684-1566,9
654,Massimo Grelik,mgreliki5@webmd.com,146-275-8480,11
655,Salim Mayfield,smayfieldi6@usnews.com,725-365-5366,79
656,Julia Tansley,jtansleyi7@chronoengine.com,348-657-4143,39
657,Linnet Breffit,lbreffiti8@patch.com,367-443-0054,65
658,Pate Crutchfield,pcrutchfieldi9@ycombinator.com,889-552-2596,70
659,Lemuel Britten,lbrittenia@amazon.co.jp,730-257-1144,55
660,Robinson Boyer,rboyerib@simplemachines.org,103-964-5782,80
661,Florinda Clynmans,fclynmansic@yellowpages.com,685-406-1164,70
662,Tish Exley,texleyid@cyberchimps.com,556-572-3381,72
663,Sheffy Juden,sjudenie@upenn.edu,324-219-9697,27
664,Melony Stailey,mstaileyif@seesaa.net,412-500-0209,32
665,Flint Swinfon,fswinfonig@intel.com,227-221-2408,81
666,Fae Mortell,fmortellih@tripod.com,196-720-2564,73
667,Trace Spowart,tspowartii@purevolume.com,232-721-2101,45
668,Jessalyn Crommett,jcrommettij@springer.com,245-503-3887,45
669,Terri Preble,tprebleik@51.la,406-908-7098,93
670,Kin Matusiak,kmatusiakil@shareasale.com,872-678-7938,33
671,Lanae Pauley,lpauleyim@usatoday.com,104-662-9829,88
672,Arabela McReynold,amcreynoldin@amazonaws.com,609-735-5246,22
673,June Beaston,jbeastonio@economist.com,328-692-5053,75
674,Merle Cufley,mcufleyip@icq.com,847-516-6288,37
675,Chrysler Smith,csmithiq@wix.com,573-112-0072,55
676,Vinny Pierucci,vpierucciir@hexun.com,275-441-8005,32
677,Artus Erdes,aerdesis@dmoz.org,322-616-5677,56
678,Alexa Quinion,aquinionit@cnn.com,149-733-5741,70
679,Teresita Lavall,tlavalliu@ifeng.com,583-143-8400,23
680,Sander McElvine,smcelvineiv@ftc.gov,729-513-2053,61
681,Melanie Strauss,mstraussiw@wix.com,386-150-0100,47
682,Brita Gallard,bgallardix@bluehost.com,153-861-9614,60
683,Osmund Yuryatin,oyuryatiniy@goo.gl,202-441-0980,24
684,Ethelind Bernardt,ebernardtiz@earthlink.net,859-544-4645,75
685,Berte Accum,baccumj0@pbs.org,314-658-7841,3
686,Lorna Chawkley,lchawkleyj1@hexun.com,938-978-0185,71
687,Coleen Creasey,ccreaseyj2@loc.gov,218-386-8066,88
688,Myrtia Vile,mvilej3@tumblr.com,632-896-0584,75
689,Sheilah Sarsfield,ssarsfieldj4@icio.us,690-293-9934,96
690,Myer Bearsmore,mbearsmorej5@list-manage.com,659-304-3519,10
691,Betty MacPherson,bmacphersonj6@pcworld.com,924-263-0754,29
692,Ganny Moore,gmoorej7@house.gov,636-438-5289,78
693,Kristy Maltster,kmaltsterj8@acquirethisname.com,775-133-9570,40
694,Carter Shailer,cshailerj9@tuttocitta.it,424-675-6303,6
695,Ron Abyss,rabyssja@t.co,357-378-4248,53
696,Aeriel McKnockiter,amcknockiterjb@columbia.edu,151-521-9326,46
697,Mathilda Lassells,mlassellsjc@edublogs.org,304-850-3754,23
698,Giacopo Tanton,gtantonjd@privacy.gov.au,230-117-3477,49
699,Demetria Jirka,djirkaje@mayoclinic.com,439-978-3815,64
700,Garreth Gillford,ggillfordjf@narod.ru,767-740-3826,97
701,Archibald Dumberrill,adumberrilljg@symantec.com,993-294-0379,1
702,Cristionna Wogden,cwogdenjh@homestead.com,464-577-3345,61
703,Torre Ray,trayji@ox.ac.uk,310-206-2960,22
704,Barb Dewey,bdeweyjj@howstuffworks.com,466-678-8190,3
705,Flint Gartside,fgartsidejk@fda.gov,985-203-3116,90
706,Laureen Spradbery,lspradberyjl@vinaora.com,397-775-0551,58
707,Emmerich Lanfare,elanfarejm@state.gov,451-904-7004,35
708,Jakie Reichartz,jreichartzjn@youku.com,957-980-5714,5
709,Andria Camelin,acamelinjo@meetup.com,681-752-3050,31
710,Jeniece Glandon,jglandonjp@twitpic.com,207-632-7615,49
711,Georges Gerhartz,ggerhartzjq@godaddy.com,690-535-2613,88
712,Kerwinn Lowthian,klowthianjr@yolasite.com,300-977-4295,43
713,Lynnet Quarry,lquarryjs@howstuffworks.com,670-648-3501,21
714,Berkie Scoffham,bscoffhamjt@4shared.com,274-133-2946,42
715,Adolpho Tilt,atiltju@whitehouse.gov,673-842-3942,51
716,Waylin Baise,wbaisejv@sina.com.cn,377-650-0050,56
717,Helsa Tallyn,htallynjw@msn.com,763-151-5987,2
718,Maureen Donson,mdonsonjx@imdb.com,627-665-5695,34
719,Alex Slowan,aslowanjy@posterous.com,888-560-7095,65
720,Harley Leedal,hleedaljz@domainmarket.com,291-776-6210,80
721,Elvin Vonderdell,evonderdellk0@slideshare.net,836-545-3197,76
722,Norine Vaney,nvaneyk1@tripod.com,329-156-4992,55
723,Nelly Ilott,nilottk2@dailymail.co.uk,637-122-5733,65
724,Emmy Gilyott,egilyottk3@auda.org.au,375-988-8084,41
725,Mikey Lanyon,mlanyonk4@about.me,203-195-0080,29
726,Gisele Hartmann,ghartmannk5@nyu.edu,916-709-2332,37
727,Murdoch Drakeford,mdrakefordk6@weebly.com,378-708-2870,84
728,Trixi Mallinar,tmallinark7@qq.com,467-839-1494,87
729,Hughie Clements,hclementsk8@latimes.com,642-836-0325,88
730,Roseline Austing,raustingk9@jalbum.net,873-441-3482,94
731,Rand Dossit,rdossitka@vkontakte.ru,122-700-5221,99
732,Aileen Verling,averlingkb@hc360.com,715-265-6545,48
733,Harmon Merrell,hmerrellkc@msu.edu,894-544-8456,44
734,Scott Kenrat,skenratkd@disqus.com,249-476-0802,81
735,Harli Real,hrealke@networksolutions.com,363-286-5064,98
736,Bobine Tomicki,btomickikf@oaic.gov.au,626-247-7541,36
737,Agace Grange,agrangekg@webs.com,510-262-5101,44
738,Ariel Sysland,asyslandkh@salon.com,670-989-9991,90
739,Bernie Agent,bagentki@usgs.gov,298-788-3751,76
740,Magdalena Klagge,mklaggekj@facebook.com,436-513-8664,89
741,Dillie Foddy,dfoddykk@wsj.com,969-775-8292,48
742,Tarah Waple,twaplekl@illinois.edu,842-245-8768,35
743,Zedekiah Varns,zvarnskm@vkontakte.ru,110-188-7802,53
744,Eward Haggett,ehaggettkn@moonfruit.com,931-348-8916,75
745,Dorree Biss,dbissko@deliciousdays.com,347-913-7455,84
746,Bessie Jeckell,bjeckellkp@blogger.com,143-630-9184,62
747,Emili Shurmore,eshurmorekq@tuttocitta.it,183-272-8994,66
748,Christophe Wilks,cwilkskr@nydailynews.com,534-782-5640,15
749,Wit Gyver,wgyverks@trellian.com,999-686-3307,10
750,Tonye Olivia,toliviakt@macromedia.com,866-184-8378,96
751,Sayres Lisett,slisettku@xing.com,451-128-2128,99
752,Ally Delacote,adelacotekv@narod.ru,283-776-2371,80
753,Lonnie Jephson,ljephsonkw@epa.gov,531-235-7964,63
754,Paulette Prestedge,pprestedgekx@reverbnation.com,699-384-2488,58
755,Carie Robert,crobertky@odnoklassniki.ru,759-466-2399,43
756,Asia Steeden,asteedenkz@webs.com,275-154-5095,74
757,Aaron Arnley,aarnleyl0@ovh.net,320-257-7180,25
758,Cherilynn Cownden,ccowndenl1@nymag.com,405-264-0737,37
759,Stavro Daggett,sdaggettl2@addthis.com,618-777-0063,98
760,Phillipe Simmell,psimmelll3@ameblo.jp,649-465-4670,26
761,Selle Bevan,sbevanl4@vinaora.com,798-544-6462,9
762,Fionnula Kenwright,fkenwrightl5@1688.com,607-230-3559,67
763,Patty Rodda,proddal6@google.ru,132-837-9311,84
764,Rudyard Lesly,rleslyl7@sbwire.com,810-240-1254,36
765,Lurleen Donaghy,ldonaghyl8@is.gd,448-646-9624,53
766,Kelly Massow,kmassowl9@shinystat.com,498-113-3007,80
767,Ermengarde Landrick,elandrickla@ca.gov,522-103-4114,32
768,Edin Dubber,edubberlb@deliciousdays.com,758-609-9004,42
769,Elnore Covington,ecovingtonlc@pcworld.com,634-548-3280,35
770,Henka Lippiatt,hlippiattld@angelfire.com,674-519-3619,22
771,Sigismundo Taffie,staffiele@state.gov,202-478-7160,32
772,Tanitansy Von Der Empten,tvonlf@tamu.edu,863-992-8637,33
773,Breena Giovannilli,bgiovannillilg@squarespace.com,983-382-7570,11
774,Raphaela Downing,rdowninglh@dedecms.com,559-624-7563,80
775,Rowen Arons,raronsli@redcross.org,872-794-0746,7
776,Andres Ord,aordlj@geocities.com,665-181-2148,48
777,Cash Ertelt,certeltlk@nytimes.com,602-625-4858,61
778,Clive Keune,ckeunell@wikia.com,466-985-2195,59
779,Jacky Filler,jfillerlm@bandcamp.com,228-103-0932,69
780,Reagan Hourston,rhourstonln@si.edu,432-552-3934,57
781,Annamaria Di Lucia,adilo@360.cn,892-410-3261,68
782,Brannon Fossett,bfossettlp@nba.com,351-240-3290,19
783,Tadio Madison,tmadisonlq@princeton.edu,341-741-3272,9
784,Celesta Lebreton,clebretonlr@sourceforge.net,740-644-2269,15
785,Loralie Acosta,lacostals@unicef.org,704-894-0537,74
786,Isidore Courage,icouragelt@printfriendly.com,936-149-1858,44
787,Ginger Antonat,gantonatlu@squidoo.com,907-467-6571,34
788,Maryann Wink,mwinklv@upenn.edu,634-556-4994,98
789,Howie Pacher,hpacherlw@meetup.com,776-158-9417,11
790,Bronson Darnborough,bdarnboroughlx@indiegogo.com,182-732-2003,62
791,Durant Martyn,dmartynly@webnode.com,247-597-4862,5
792,Ansel Devlin,adevlinlz@mapy.cz,534-272-2241,77
793,Katharine Riddell,kriddellm0@bloglovin.com,492-811-5050,37
794,Maia Staite,mstaitem1@time.com,774-657-7960,82
795,Gwenni Beardow,gbeardowm2@eepurl.com,643-876-5400,23
796,Evelina Rigmand,erigmandm3@huffingtonpost.com,438-820-2501,23
797,Tadio Dibley,tdibleym4@umich.edu,312-717-1823,47
798,Greta Huckle,ghucklem5@wsj.com,909-465-1825,69
799,Chandler Webb-Bowen,cwebbbowenm6@cam.ac.uk,927-539-9078,86
800,Smith Warr,swarrm7@google.es,212-334-4579,11
801,Forster Gallacher,fgallacherm8@sohu.com,336-758-9471,28
802,Adelind Crook,acrookm9@arizona.edu,831-727-5357,65
803,Bald Derill,bderillma@nytimes.com,306-297-8991,73
804,Dasha Uzzell,duzzellmb@biglobe.ne.jp,514-258-9623,25
805,Madonna Burchmore,mburchmoremc@vk.com,462-967-6339,24
806,Minny Frostdick,mfrostdickmd@freewebs.com,941-639-3404,20
807,Lillis Fontenot,lfontenotme@scribd.com,628-466-4637,13
808,Joseph Tidbald,jtidbaldmf@time.com,832-379-0173,30
809,Korry Thurber,kthurbermg@nbcnews.com,991-118-5550,80
810,Cly Giacoppo,cgiacoppomh@cnn.com,120-157-6192,96
811,Camella Blondel,cblondelmi@goo.ne.jp,109-299-6751,50
812,Nancee Yelding,nyeldingmj@cocolog-nifty.com,746-207-1667,49
813,Lulita Georgeon,lgeorgeonmk@bandcamp.com,143-216-4987,6
814,Niels Spuner,nspunerml@sogou.com,184-562-2316,49
815,Hadley Wethey,hwetheymm@nba.com,698-655-7066,82
816,Siouxie Copestick,scopestickmn@cyberchimps.com,255-149-1737,52
817,Abel Pavelin,apavelinmo@diigo.com,264-859-2633,69
818,Waneta Daine,wdainemp@storify.com,692-425-6184,40
819,Avis Barczewski,abarczewskimq@youtu.be,461-934-8967,77
820,Jenda Vasiliev,jvasilievmr@amazonaws.com,591-885-6534,15
821,Jori Shory,jshoryms@photobucket.com,275-572-0326,34
822,Skylar Laviste,slavistemt@myspace.com,930-535-6268,31
823,Annalee Millican,amillicanmu@canalblog.com,797-505-5192,31
824,Fayre Graith,fgraithmv@1und1.de,628-893-1585,28
825,Dmitri Schreiner,dschreinermw@csmonitor.com,351-656-4407,46
826,Gerry McJarrow,gmcjarrowmx@google.pl,111-909-9187,28
827,Pincas Vosse,pvossemy@wikimedia.org,378-877-1649,90
828,Leif Gilstoun,lgilstounmz@constantcontact.com,336-575-1022,85
829,Carly Kitman,ckitmann0@springer.com,715-183-7100,72
830,Carlyle Frantzeni,cfrantzenin1@guardian.co.uk,789-341-5734,39
831,Alexi Housin,ahousinn2@auda.org.au,738-853-5758,96
832,Sky Woolmore,swoolmoren3@photobucket.com,487-881-2614,35
833,Gardener Szymanowicz,gszymanowiczn4@hao123.com,929-145-5127,53
834,Lian Arguile,larguilen5@bloomberg.com,151-349-5695,69
835,Alair Fogden,afogdenn6@360.cn,108-215-3142,41
836,Phelia Lethibridge,plethibridgen7@elpais.com,632-959-6629,1
837,Kippar Grellis,kgrellisn8@cpanel.net,649-886-0730,84
838,Hephzibah Weller,hwellern9@webnode.com,260-816-0485,95
839,Eddy Casterot,ecasterotna@dell.com,382-584-1961,59
840,Cyrus Liggins,cligginsnb@merriam-webster.com,256-547-5163,47
841,Noby Kite,nkitenc@webeden.co.uk,387-744-0813,70
842,Brena Carus,bcarusnd@nasa.gov,570-937-3279,87
843,Jeremiah Ossenna,jossennane@seattletimes.com,528-208-9353,98
844,Katinka Stinchcombe,kstinchcombenf@cargocollective.com,569-969-0503,49
845,Charlie Dulany,cdulanyng@newyorker.com,615-870-5630,36
846,Donnajean Louisot,dlouisotnh@state.gov,590-652-0087,30
847,Cristionna Stoller,cstollerni@photobucket.com,379-183-1806,44
848,Cozmo Steet,csteetnj@accuweather.com,789-482-1594,61
849,Benton Chick,bchicknk@arizona.edu,782-645-3140,98
850,Wandie Swadling,wswadlingnl@diigo.com,237-838-4784,88
851,Anne McMahon,amcmahonnm@phoca.cz,254-965-5532,84
852,Dollie Leivers,dleiversnn@yandex.ru,331-232-6178,7
853,Ulrica Hoonahan,uhoonahanno@xrea.com,420-198-5919,30
854,Kaylyn Yarrell,kyarrellnp@geocities.jp,697-697-4955,82
855,Reider Kernell,rkernellnq@delicious.com,828-999-8920,9
856,Gratia Mateja,gmatejanr@rambler.ru,555-730-1883,59
857,Peyter St. Hill,pstns@qq.com,984-451-5065,18
858,Sloane Savidge,ssavidgent@homestead.com,105-745-2980,87
859,Raven Cullinane,rcullinanenu@cargocollective.com,816-521-3132,4
860,Gwendolyn O'Hoolahan,gohoolahannv@ameblo.jp,514-546-5214,53
861,Dasya Nanetti,dnanettinw@gmpg.org,243-844-6978,71
862,Aubert Lexa,alexanx@i2i.jp,626-700-9228,41
863,Levey Boulger,lboulgerny@reuters.com,711-706-2287,64
864,Blair Bonas,bbonasnz@rambler.ru,667-332-9364,86
865,Laird Buckthorp,lbuckthorpo0@state.tx.us,961-146-8356,99
866,Kareem Matijevic,kmatijevico1@fda.gov,230-632-6518,43
867,Fredrika Packwood,fpackwoodo2@biglobe.ne.jp,804-435-1397,67
868,Romeo Lill,rlillo3@fema.gov,879-239-0813,84
869,Martha Kubes,mkubeso4@army.mil,179-515-7915,61
870,Devy Dunmore,ddunmoreo5@hexun.com,938-559-7088,49
871,Flor Cartner,fcartnero6@indiatimes.com,996-488-9395,99
872,Morgen Pollitt,mpollitto7@weather.com,714-443-0154,62
873,Dallis Forst,dforsto8@blog.com,887-365-8189,11
874,Julianne Dalzell,jdalzello9@usa.gov,622-670-0297,63
875,Bennie Vertigan,bvertiganoa@photobucket.com,717-896-8916,82
876,Edgard Thecham,ethechamob@ustream.tv,719-170-9991,20
877,Marty Chessor,mchessoroc@cdc.gov,157-997-9147,13
878,Trace Kesey,tkeseyod@ftc.gov,689-919-2549,21
879,Claudelle Poxton,cpoxtonoe@themeforest.net,143-851-8457,34
880,Carina Batrip,cbatripof@wikipedia.org,328-365-0233,70
881,Geri Newbury,gnewburyog@businessinsider.com,295-218-0672,18
882,Blondy Flieger,bfliegeroh@deliciousdays.com,319-312-0592,32
883,Byron Dominichetti,bdominichettioi@csmonitor.com,505-286-4921,49
884,Ollie Runacres,orunacresoj@craigslist.org,632-323-9331,86
885,Meaghan Viger,mvigerok@blogtalkradio.com,944-324-5896,46
886,Vance Darinton,vdarintonol@mlb.com,428-826-2974,27
887,Cristiano Yoselevitch,cyoselevitchom@archive.org,965-680-6575,63
888,Kerstin Males,kmaleson@google.com.au,796-642-3325,87
889,Hetti Langdale,hlangdaleoo@unc.edu,729-311-2090,67
890,Alister Maxsted,amaxstedop@pbs.org,471-106-2089,47
891,Haskell Giovanni,hgiovannioq@nydailynews.com,926-985-8286,82
892,Dorice Postlethwaite,dpostlethwaiteor@mail.ru,703-626-6804,72
893,Rosalinda Junkin,rjunkinos@scientificamerican.com,299-474-1812,37
894,Damara Cloonan,dcloonanot@house.gov,922-846-3578,96
895,Elmira Moorton,emoortonou@tripadvisor.com,184-609-6521,35
896,Cariotta Bysh,cbyshov@noaa.gov,731-503-2368,75
897,Carey Jinkins,cjinkinsow@networkadvertising.org,486-200-4253,1
898,Dalton Lewinton,dlewintonox@marketwatch.com,437-540-3672,75
899,Court Sprigging,cspriggingoy@ifeng.com,374-773-8163,57
900,Ingelbert Sheerin,isheerinoz@w3.org,419-691-6817,55
901,Heidi Mortell,hmortellp0@multiply.com,234-624-5078,40
902,Adel Goddman,agoddmanp1@guardian.co.uk,328-217-8195,27
903,Serena Montilla,smontillap2@twitpic.com,861-663-5709,10
904,Anastassia Camilleri,acamillerip3@vistaprint.com,850-349-5971,18
905,Adrianne Milne,amilnep4@wix.com,586-422-2248,58
906,Mic Ferencowicz,mferencowiczp5@creativecommons.org,134-710-0944,38
907,Bogart Monketon,bmonketonp6@yellowbook.com,568-284-3926,54
908,Meriel Haxbie,mhaxbiep7@acquirethisname.com,698-898-3901,36
909,Aloysia Jeanequin,ajeanequinp8@issuu.com,279-883-6044,84
910,Benita Torbett,btorbettp9@slate.com,762-841-8468,49
911,Marla Joris,mjorispa@example.com,188-929-1151,43
912,Laird Cyphus,lcyphuspb@nsw.gov.au,242-474-8966,18
913,Orella Kobera,okoberapc@theguardian.com,631-604-0766,42
914,Kimball Tapscott,ktapscottpd@yellowpages.com,423-203-1311,99
915,Redford Reyne,rreynepe@hud.gov,989-891-0207,20
916,Oona Cordingley,ocordingleypf@constantcontact.com,735-593-1535,82
917,Wendy Cinavas,wcinavaspg@buzzfeed.com,568-355-4658,70
918,Cahra Hundal,chundalph@who.int,255-677-8719,81
919,Munmro Keable,mkeablepi@canalblog.com,966-404-4724,49
920,Maurice Peeter,mpeeterpj@amazon.com,694-203-9172,24
921,Shane Grindle,sgrindlepk@springer.com,853-273-2274,11
922,Tonia Kitney,tkitneypl@cafepress.com,911-646-0599,59
923,Marshall Collelton,mcolleltonpm@umich.edu,632-156-9701,50
924,Gertrude Cristoforo,gcristoforopn@usda.gov,363-202-9814,27
925,Zarah Bowles,zbowlespo@ca.gov,144-417-3070,32
926,Roselia Domenichini,rdomenichinipp@theguardian.com,609-859-2731,11
927,Olly Galfour,ogalfourpq@tripadvisor.com,666-627-8679,45
928,Ferguson Fouracre,ffouracrepr@technorati.com,510-492-4732,17
929,Alikee Seemmonds,aseemmondsps@zimbio.com,212-508-9445,74
930,Paulie Walsom,pwalsompt@opensource.org,681-838-4038,59
931,Ella Marlen,emarlenpu@fema.gov,383-577-7992,74
932,Gerda Degli Antoni,gdeglipv@cyberchimps.com,836-577-4553,30
933,Tudor Barrable,tbarrablepw@cbsnews.com,646-267-4115,65
934,Vincents Northage,vnorthagepx@microsoft.com,549-701-7433,62
935,Blair Posse,bpossepy@japanpost.jp,615-322-1089,65
936,Lamar Relton,lreltonpz@issuu.com,281-548-3778,99
937,Mira Vany,mvanyq0@smh.com.au,358-288-4578,14
938,Guido Skillman,gskillmanq1@blogspot.com,305-413-4859,43
939,Elisabeth Howford,ehowfordq2@stanford.edu,513-902-9430,88
940,Mauricio Ianetti,mianettiq3@tamu.edu,203-855-5745,82
941,Rachele Malthouse,rmalthouseq4@ftc.gov,708-505-1920,94
942,Junette Leishman,jleishmanq5@ox.ac.uk,920-582-7709,60
943,Hatty Ovitz,hovitzq6@wiley.com,978-632-4680,68
944,Taffy Petyankin,tpetyankinq7@disqus.com,412-296-4766,89
945,Dasha Cleynman,dcleynmanq8@pagesperso-orange.fr,975-749-6471,6
946,Frankie MacBain,fmacbainq9@yahoo.com,879-120-8573,48
947,Malena Stannislawski,mstannislawskiqa@soundcloud.com,953-705-1337,10
948,Thomasine Moles,tmolesqb@nydailynews.com,199-432-4295,94
949,Finley Billyard,fbillyardqc@drupal.org,604-778-1898,58
950,Anastasia Hannis,ahannisqd@mashable.com,835-837-4867,72
951,Rosella Philippard,rphilippardqe@europa.eu,424-212-4931,57
952,Jard Bartram,jbartramqf@google.it,767-459-9856,89
953,Germain Burness,gburnessqg@unesco.org,275-218-6479,75
954,Margie Allen,mallenqh@guardian.co.uk,880-856-5105,9
955,Enrique Bartolijn,ebartolijnqi@github.io,593-750-0699,38
956,Johanna Ferronier,jferronierqj@epa.gov,450-265-1945,92
957,Lannie Tierny,ltiernyqk@ezinearticles.com,716-320-3279,44
958,Munmro MacLeese,mmacleeseql@nydailynews.com,936-315-5996,64
959,Janette Pindar,jpindarqm@guardian.co.uk,922-734-3967,46
960,Sydney Domone,sdomoneqn@cbc.ca,449-523-2944,35
961,Melina Tante,mtanteqo@answers.com,170-223-0355,81
962,Justus Schoenrock,jschoenrockqp@engadget.com,296-741-9923,82
963,Cynthea Pratley,cpratleyqq@naver.com,214-860-8657,67
964,Otis Drewell,odrewellqr@wordpress.org,509-571-1365,39
965,Adel Pigeon,apigeonqs@pinterest.com,565-909-0675,62
966,Odo Tull,otullqt@google.ru,466-893-3599,65
967,Donia Pigrome,dpigromequ@blog.com,143-460-4130,84
968,Gavin O'Riordan,goriordanqv@tinyurl.com,968-949-9651,68
969,Lorilyn Beeson,lbeesonqw@1688.com,348-320-0725,38
970,Hadley Petlyura,hpetlyuraqx@bandcamp.com,857-494-6300,1
971,Sallyanne Tours,stoursqy@bbb.org,661-776-4073,59
972,Christian Yong,cyongqz@pcworld.com,665-248-9595,57
973,Kelley Fauning,kfauningr0@uol.com.br,195-404-2451,75
974,Ulrikaumeko Tolchar,utolcharr1@moonfruit.com,462-332-9859,60
975,Guthrey Ridgedell,gridgedellr2@vistaprint.com,271-748-6403,57
976,Elane Stonall,estonallr3@over-blog.com,995-720-8222,72
977,Harris Macveigh,hmacveighr4@bloglines.com,904-137-2742,86
978,Alessandra Solly,asollyr5@cnn.com,702-400-3166,99
979,Angie Fliege,aflieger6@accuweather.com,321-370-1515,36
980,Monti Stanbro,mstanbror7@irs.gov,247-350-3203,81
981,Amby Breddy,abreddyr8@lycos.com,680-506-1121,96
982,Halie Spiller,hspillerr9@nps.gov,436-756-8393,9
983,Esther Catherick,ecatherickra@comsenz.com,757-233-8023,28
984,Christen Kissell,ckissellrb@ebay.co.uk,143-297-6236,99
985,Brucie Linggard,blinggardrc@prlog.org,951-516-7327,50
986,Barthel Ream,breamrd@canalblog.com,899-794-7046,14
987,Elmer Covell,ecovellre@china.com.cn,195-121-9556,62
988,Euphemia Banister,ebanisterrf@webnode.com,388-735-6753,12
989,Antonino Cheeld,acheeldrg@howstuffworks.com,746-517-3328,54
990,Rowland Gault,rgaultrh@bing.com,224-994-7548,80
991,Chiarra Cunnow,ccunnowri@ebay.co.uk,907-496-1348,49
992,Ali Ortet,aortetrj@cdc.gov,686-629-9727,97
993,Morgen Gilleon,mgilleonrk@businessinsider.com,436-331-3342,76
994,Garey Woodings,gwoodingsrl@imgur.com,200-975-4536,100
995,Kirstin Janicek,kjanicekrm@cafepress.com,606-360-4838,91
996,Adah Craine,acrainern@dion.ne.jp,437-964-2884,42
997,Hamid Julyan,hjulyanro@shareasale.com,698-806-3402,25
998,Natasha Matisse,nmatisserp@surveymonkey.com,762-812-6588,64
999,Jeddy Ruffles,jrufflesrq@infoseek.co.jp,455-661-7115,94
1000,Chastity Deakes,cdeakesrr@columbia.edu,687-153-0293,8
1001,Rahul,abc@gmail.com,8899776655,23
1002,Rahul,abc@gmail.com,8899776655,23
1003,rakesh,abc@gmail.com,8899776655,23
